customer_segment,avg_delivery,delay_rate
Medium Value,13.721307619943564,8.2079021636876757
High Value,14.226294357184418,8.37696335078534
Low Value,11.901223314943826,7.8887023266970493